scope,function,location,operation,dated
np,npsex,file.info.resolved.npsex,update,FALSE
np,nppmih,file.info.resolved.nppmih,update,FALSE
np,npfix,file.info.resolved.npfix,update,FALSE
np,npfixx,file.info.resolved.npfixx,update,FALSE
np,npwbrwt,file.info.resolved.npwbrwt,update,FALSE
np,npwbrf,file.info.resolved.npwbrf,update,FALSE
np,npgrcca,file.info.resolved.npgrcca,update,FALSE
np,npgrla,file.info.resolved.npgrla,update,FALSE
np,npgrha,file.info.resolved.npgrha,update,FALSE
np,npgrsnh,file.info.resolved.npgrsnh,update,FALSE
np,npgrlch,file.info.resolved.npgrlch,update,FALSE
np,nptan,file.info.resolved.nptan,update,FALSE
np,nptanx,file.info.resolved.nptanx,update,FALSE
np,npaban,file.info.resolved.npaban,update,FALSE
np,npabanx,file.info.resolved.npabanx,update,FALSE
np,npasan,file.info.resolved.npasan,update,FALSE
np,npasanx,file.info.resolved.npasanx,update,FALSE
np,nptdpan,file.info.resolved.nptdpan,update,FALSE
np,nptdpanx,file.info.resolved.nptdpanx,update,FALSE
np,nphismb,file.info.resolved.nphismb,update,FALSE
np,nphisg,file.info.resolved.nphisg,update,FALSE
np,nphisss,file.info.resolved.nphisss,update,FALSE
np,nphist,file.info.resolved.nphist,update,FALSE
np,nphiso,file.info.resolved.nphiso,update,FALSE
np,nphisox,file.info.resolved.nphisox,update,FALSE
np,npthal,file.info.resolved.npthal,update,FALSE
np,npadnc,file.info.resolved.npadnc,update,FALSE
np,nplinf,file.info.resolved.nplinf,update,FALSE
np,nplac,file.info.resolved.nplac,update,FALSE
np,npinf,file.info.resolved.npinf,update,FALSE
np,npinf1a,file.info.resolved.npinf1a,update,FALSE
np,npinf1b,file.info.resolved.npinf1b,update,FALSE
np,npinf1d,file.info.resolved.npinf1d,update,FALSE
np,npinf1f,file.info.resolved.npinf1f,update,FALSE
np,npinf2a,file.info.resolved.npinf2a,update,FALSE
np,npinf2b,file.info.resolved.npinf2b,update,FALSE
np,npinf2d,file.info.resolved.npinf2d,update,FALSE
np,npinf2f,file.info.resolved.npinf2f,update,FALSE
np,npinf3a,file.info.resolved.npinf3a,update,FALSE
np,npinf3b,file.info.resolved.npinf3b,update,FALSE
np,npinf3d,file.info.resolved.npinf3d,update,FALSE
np,npinf3f,file.info.resolved.npinf3f,update,FALSE
np,npinf4a,file.info.resolved.npinf4a,update,FALSE
np,npinf4b,file.info.resolved.npinf4b,update,FALSE
np,npinf4d,file.info.resolved.npinf4d,update,FALSE
np,npinf4f,file.info.resolved.npinf4f,update,FALSE
np,nphem,file.info.resolved.nphem,update,FALSE
np,nphemo,file.info.resolved.nphemo,update,FALSE
np,nphemo1,file.info.resolved.nphemo1,update,FALSE
np,nphemo2,file.info.resolved.nphemo2,update,FALSE
np,nphemo3,file.info.resolved.nphemo3,update,FALSE
np,npmicro,file.info.resolved.npmicro,update,FALSE
np,npold,file.info.resolved.npold,update,FALSE
np,npold1,file.info.resolved.npold1,update,FALSE
np,npold2,file.info.resolved.npold2,update,FALSE
np,npold3,file.info.resolved.npold3,update,FALSE
np,npold4,file.info.resolved.npold4,update,FALSE
np,npoldd,file.info.resolved.npoldd,update,FALSE
np,npoldd1,file.info.resolved.npoldd1,update,FALSE
np,npoldd2,file.info.resolved.npoldd2,update,FALSE
np,npoldd3,file.info.resolved.npoldd3,update,FALSE
np,npoldd4,file.info.resolved.npoldd4,update,FALSE
np,npwmr,file.info.resolved.npwmr,update,FALSE
np,nppath,file.info.resolved.nppath,update,FALSE
np,nppath2,file.info.resolved.nppath2,update,FALSE
np,nppath3,file.info.resolved.nppath3,update,FALSE
np,nppath4,file.info.resolved.nppath4,update,FALSE
np,nppath5,file.info.resolved.nppath5,update,FALSE
np,nppath6,file.info.resolved.nppath6,update,FALSE
np,nppath7,file.info.resolved.nppath7,update,FALSE
np,nppath8,file.info.resolved.nppath8,update,FALSE
np,nppath9,file.info.resolved.nppath9,update,FALSE
np,nppath10,file.info.resolved.nppath10,update,FALSE
np,nppath11,file.info.resolved.nppath11,update,FALSE
np,nppatho,file.info.resolved.nppatho,update,FALSE
np,nppathox,file.info.resolved.nppathox,update,FALSE
np,npart,file.info.resolved.npart,update,FALSE
np,npoang,file.info.resolved.npoang,update,FALSE
np,nplbod,file.info.resolved.nplbod,update,FALSE
np,npnloss,file.info.resolved.npnloss,update,FALSE
np,nphipscl,file.info.resolved.nphipscl,update,FALSE
np,npscl,file.info.resolved.npscl,update,FALSE
np,npftdtau,file.info.resolved.npftdtau,update,FALSE
np,npftdt2,file.info.resolved.npftdt2,update,FALSE
np,npftdt5,file.info.resolved.npftdt5,update,FALSE
np,npftdt6,file.info.resolved.npftdt6,update,FALSE
np,npftdt7,file.info.resolved.npftdt7,update,FALSE
np,npftdt8,file.info.resolved.npftdt8,update,FALSE
np,npftdt9,file.info.resolved.npftdt9,update,FALSE
np,npftdt10,file.info.resolved.npftdt10,update,FALSE
np,npfront,file.info.resolved.npfront,update,FALSE
np,nptau,file.info.resolved.nptau,update,FALSE
np,npftd,file.info.resolved.npftd,update,FALSE
np,npftdtdp,file.info.resolved.npftdtdp,update,FALSE
np,npalsmnd,file.info.resolved.npalsmnd,update,FALSE
np,npoftd,file.info.resolved.npoftd,update,FALSE
np,npoftd1,file.info.resolved.npoftd1,update,FALSE
np,npoftd2,file.info.resolved.npoftd2,update,FALSE
np,npoftd3,file.info.resolved.npoftd3,update,FALSE
np,npoftd4,file.info.resolved.npoftd4,update,FALSE
np,npoftd5,file.info.resolved.npoftd5,update,FALSE
np,npftdno,file.info.resolved.npftdno,update,FALSE
np,npftdspc,file.info.resolved.npftdspc,update,FALSE
np,nptdpa,file.info.resolved.nptdpa,update,FALSE
np,nptdpb,file.info.resolved.nptdpb,update,FALSE
np,nptdpc,file.info.resolved.nptdpc,update,FALSE
np,nptdpd,file.info.resolved.nptdpd,update,FALSE
np,nptdpe,file.info.resolved.nptdpe,update,FALSE
np,nppdxa,file.info.resolved.nppdxa,update,FALSE
np,nppdxb,file.info.resolved.nppdxb,update,FALSE
np,nppdxd,file.info.resolved.nppdxd,update,FALSE
np,nppdxe,file.info.resolved.nppdxe,update,FALSE
np,nppdxf,file.info.resolved.nppdxf,update,FALSE
np,nppdxg,file.info.resolved.nppdxg,update,FALSE
np,nppdxh,file.info.resolved.nppdxh,update,FALSE
np,nppdxi,file.info.resolved.nppdxi,update,FALSE
np,nppdxj,file.info.resolved.nppdxj,update,FALSE
np,nppdxk,file.info.resolved.nppdxk,update,FALSE
np,nppdxl,file.info.resolved.nppdxl,update,FALSE
np,nppdxm,file.info.resolved.nppdxm,update,FALSE
np,nppdxn,file.info.resolved.nppdxn,update,FALSE
np,nppdxp,file.info.resolved.nppdxp,update,FALSE
np,nppdxq,file.info.resolved.nppdxq,update,FALSE
np,npbnkb,file.info.resolved.npbnkb,update,FALSE
np,npbnkf,file.info.resolved.npbnkf,update,FALSE
np,npfaut,file.info.resolved.npfaut,update,FALSE
np,npfaut1,file.info.resolved.npfaut1,update,FALSE
np,npfaut2,file.info.resolved.npfaut2,update,FALSE
np,npfaut3,file.info.resolved.npfaut3,update,FALSE
np,npfaut4,file.info.resolved.npfaut4,update,FALSE
np,npnit,file.info.resolved.npnit,update,FALSE
np,npcerad,file.info.resolved.npcerad,update,FALSE
np,npadrda,file.info.resolved.npadrda,update,FALSE
np,npocrit,file.info.resolved.npocrit,update,FALSE
np,npvoth,file.info.resolved.npvoth,update,FALSE
np,nplewycs,file.info.resolved.nplewycs,update,FALSE
np,npgene,file.info.resolved.npgene,update,FALSE
np,npfhspec,file.info.resolved.npfhspec,update,FALSE
np,nptauhap,file.info.resolved.nptauhap,update,FALSE
np,npprnp,file.info.resolved.npprnp,update,FALSE
np,npchrom,file.info.resolved.npchrom,update,FALSE
np,nppnorm,file.info.resolved.nppnorm,update,FALSE
np,npcnorm,file.info.resolved.npcnorm,update,FALSE
np,nppadp,file.info.resolved.nppadp,update,FALSE
np,npcadp,file.info.resolved.npcadp,update,FALSE
np,nppad,file.info.resolved.nppad,update,FALSE
np,npcad,file.info.resolved.npcad,update,FALSE
np,npplewy,file.info.resolved.npplewy,update,FALSE
np,npclewy,file.info.resolved.npclewy,update,FALSE
np,nppvasc,file.info.resolved.nppvasc,update,FALSE
np,npcvasc,file.info.resolved.npcvasc,update,FALSE
np,nppftld,file.info.resolved.nppftld,update,FALSE
np,npcftld,file.info.resolved.npcftld,update,FALSE
np,npphipp,file.info.resolved.npphipp,update,FALSE
np,npchipp,file.info.resolved.npchipp,update,FALSE
np,nppprion,file.info.resolved.nppprion,update,FALSE
np,npcprion,file.info.resolved.npcprion,update,FALSE
np,nppoth1,file.info.resolved.nppoth1,update,FALSE
np,npcoth1,file.info.resolved.npcoth1,update,FALSE
np,npoth1x,file.info.resolved.npoth1x,update,FALSE
np,nppoth2,file.info.resolved.nppoth2,update,FALSE
np,npcoth2,file.info.resolved.npcoth2,update,FALSE
np,npoth2x,file.info.resolved.npoth2x,update,FALSE
np,nppoth3,file.info.resolved.nppoth3,update,FALSE
np,npcoth3,file.info.resolved.npcoth3,update,FALSE
np,npoth3x,file.info.resolved.npoth3x,update,FALSE
np,npartag,file.info.resolved.npartag,update,FALSE
np,npatgsev,file.info.resolved.npatgsev,update,FALSE
np,npatgamy,file.info.resolved.npatgamy,update,FALSE
np,npatgam1,file.info.resolved.npatgam1,update,FALSE
np,npatgam2,file.info.resolved.npatgam2,update,FALSE
np,npatgam3,file.info.resolved.npatgam3,update,FALSE
np,npatgam4,file.info.resolved.npatgam4,update,FALSE
np,npatgam5,file.info.resolved.npatgam5,update,FALSE
np,npatgfrn,file.info.resolved.npatgfrn,update,FALSE
np,npatgfr1,file.info.resolved.npatgfr1,update,FALSE
np,npatgfr2,file.info.resolved.npatgfr2,update,FALSE
np,npatgfr3,file.info.resolved.npatgfr3,update,FALSE
np,npatgfr4,file.info.resolved.npatgfr4,update,FALSE
uds,birthmo,file.info.resolved.birthmo,update,FALSE
uds,birthyr,file.info.resolved.birthyr,update,FALSE
uds,sex,file.info.resolved.sex,update,FALSE
uds,birthsex,file.info.resolved.birthsex,update,FALSE
uds,hispanic,file.info.resolved.hispanic,update,FALSE
uds,ethispanic,file.info.resolved.ethispanic,update,FALSE
uds,raceunkn,file.info.resolved.raceunkn,update,FALSE
uds,hispor,file.info.resolved.hispor,update,FALSE
uds,hisporx,file.info.resolved.hisporx,update,FALSE
uds,race,file.info.resolved.race,update,FALSE
uds,racex,file.info.resolved.racex,update,FALSE
uds,racesec,file.info.resolved.racesec,update,FALSE
uds,racesecx,file.info.resolved.racesecx,update,FALSE
uds,raceter,file.info.resolved.raceter,update,FALSE
uds,raceterx,file.info.resolved.raceterx,update,FALSE
uds,primlang,file.info.resolved.primlang,update,FALSE
uds,primlanx,file.info.resolved.primlanx,update,FALSE
uds,predomlanx,file.info.resolved.predomlanx,update,FALSE
uds,educ,file.info.resolved.educ,update,FALSE
uds,lvleduc,file.info.resolved.lvleduc,update,FALSE
uds,source,file.info.resolved.source,update,FALSE
uds,sourcenw,file.info.resolved.sourcenw,update,FALSE
uds,maristat,file.info.resolved.maristat,update,FALSE
uds,independ,file.info.resolved.independ,update,FALSE
uds,residenc,file.info.resolved.residenc,update,FALSE
uds,handed,file.info.resolved.handed,update,FALSE
uds,raceaian,file.info.resolved.raceaian,update,FALSE
uds,raceaianx,file.info.resolved.raceaianx,update,FALSE
uds,raceasian,file.info.resolved.raceasian,update,FALSE
uds,ethchinese,file.info.resolved.ethchinese,update,FALSE
uds,ethindia,file.info.resolved.ethindia,update,FALSE
uds,ethfilip,file.info.resolved.ethfilip,update,FALSE
uds,ethvietnam,file.info.resolved.ethvietnam,update,FALSE
uds,ethkorean,file.info.resolved.ethkorean,update,FALSE
uds,ethjapan,file.info.resolved.ethjapan,update,FALSE
uds,ethasnoth,file.info.resolved.ethasnoth,update,FALSE
uds,ethasnothx,file.info.resolved.ethasnothx,update,FALSE
uds,raceblack,file.info.resolved.raceblack,update,FALSE
uds,ethafamer,file.info.resolved.ethafamer,update,FALSE
uds,ethjamaica,file.info.resolved.ethjamaica,update,FALSE
uds,ethhaitian,file.info.resolved.ethhaitian,update,FALSE
uds,ethnigeria,file.info.resolved.ethnigeria,update,FALSE
uds,ethethiop,file.info.resolved.ethethiop,update,FALSE
uds,ethsomali,file.info.resolved.ethsomali,update,FALSE
uds,ethblkoth,file.info.resolved.ethblkoth,update,FALSE
uds,ethblkothx,file.info.resolved.ethblkothx,update,FALSE
uds,ethmexican,file.info.resolved.ethmexican,update,FALSE
uds,ethpuerto,file.info.resolved.ethpuerto,update,FALSE
uds,ethsalva,file.info.resolved.ethsalva,update,FALSE
uds,ethcuban,file.info.resolved.ethcuban,update,FALSE
uds,ethdomin,file.info.resolved.ethdomin,update,FALSE
uds,ethguatem,file.info.resolved.ethguatem,update,FALSE
uds,ethhisoth,file.info.resolved.ethhisoth,update,FALSE
uds,ethhisothx,file.info.resolved.ethhisothx,update,FALSE
uds,racemena,file.info.resolved.racemena,update,FALSE
uds,ethlebanon,file.info.resolved.ethlebanon,update,FALSE
uds,ethiran,file.info.resolved.ethiran,update,FALSE
uds,ethegypt,file.info.resolved.ethegypt,update,FALSE
uds,ethsyria,file.info.resolved.ethsyria,update,FALSE
uds,ethiraqi,file.info.resolved.ethiraqi,update,FALSE
uds,ethisrael,file.info.resolved.ethisrael,update,FALSE
uds,ethmenaoth,file.info.resolved.ethmenaoth,update,FALSE
uds,ethmenaotx,file.info.resolved.ethmenaotx,update,FALSE
uds,racenhpi,file.info.resolved.racenhpi,update,FALSE
uds,ethhawaii,file.info.resolved.ethhawaii,update,FALSE
uds,ethsamoan,file.info.resolved.ethsamoan,update,FALSE
uds,ethchamor,file.info.resolved.ethchamor,update,FALSE
uds,ethtongan,file.info.resolved.ethtongan,update,FALSE
uds,ethfijian,file.info.resolved.ethfijian,update,FALSE
uds,ethmarshal,file.info.resolved.ethmarshal,update,FALSE
uds,ethnhpioth,file.info.resolved.ethnhpioth,update,FALSE
uds,ethnhpiotx,file.info.resolved.ethnhpiotx,update,FALSE
uds,racewhite,file.info.resolved.racewhite,update,FALSE
uds,ethenglish,file.info.resolved.ethenglish,update,FALSE
uds,ethgerman,file.info.resolved.ethgerman,update,FALSE
uds,ethirish,file.info.resolved.ethirish,update,FALSE
uds,ethitalian,file.info.resolved.ethitalian,update,FALSE
uds,ethpolish,file.info.resolved.ethpolish,update,FALSE
uds,ethscott,file.info.resolved.ethscott,update,FALSE
uds,ethwhioth,file.info.resolved.ethwhioth,update,FALSE
uds,ethwhiothx,file.info.resolved.ethwhiothx,update,FALSE
uds,raceunkn,file.info.resolved.raceunkn,update,FALSE
uds,genman,file.info.resolved.genman,update,FALSE
uds,genwoman,file.info.resolved.genwoman,update,FALSE
uds,gentrman,file.info.resolved.gentrman,update,FALSE
uds,gentrwoman,file.info.resolved.gentrwoman,update,FALSE
uds,gennonbi,file.info.resolved.gennonbi,update,FALSE
uds,gentwospir,file.info.resolved.gentwospir,update,FALSE
uds,genoth,file.info.resolved.genoth,update,FALSE
uds,genothx,file.info.resolved.genothx,update,FALSE
uds,gendkn,file.info.resolved.gendkn,update,FALSE
uds,gennoans,file.info.resolved.gennoans,update,FALSE
uds,sexorngay,file.info.resolved.sexorngay,update,FALSE
uds,sexornhet,file.info.resolved.sexornhet,update,FALSE
uds,sexornbi,file.info.resolved.sexornbi,update,FALSE
uds,sexorntwos,file.info.resolved.sexorntwos,update,FALSE
uds,sexornoth,file.info.resolved.sexornoth,update,FALSE
uds,sexornothx,file.info.resolved.sexornothx,update,FALSE
uds,sexorndnk,file.info.resolved.sexorndnk,update,FALSE
uds,sexornnoan,file.info.resolved.sexornnoan,update,FALSE
uds,adistate,file.info.resolved.adistate,update,FALSE
uds,adinat,file.info.resolved.adinat,update,FALSE
uds,priocc,file.info.resolved.priocc,update,FALSE
uds,expancest,file.info.resolved.expancest,update,FALSE
uds,expgender,file.info.resolved.expgender,update,FALSE
uds,exprace,file.info.resolved.exprace,update,FALSE
uds,expage,file.info.resolved.expage,update,FALSE
uds,exprelig,file.info.resolved.exprelig,update,FALSE
uds,expheight,file.info.resolved.expheight,update,FALSE
uds,expweight,file.info.resolved.expweight,update,FALSE
uds,expappear,file.info.resolved.expappear,update,FALSE
uds,expsexorn,file.info.resolved.expsexorn,update,FALSE
uds,expeducinc,file.info.resolved.expeducinc,update,FALSE
uds,expdisab,file.info.resolved.expdisab,update,FALSE
uds,expskin,file.info.resolved.expskin,update,FALSE
uds,expother,file.info.resolved.expother,update,FALSE
uds,expnotapp,file.info.resolved.expnotapp,update,FALSE
uds,expnoans,file.info.resolved.expnoans,update,FALSE
uds,expstrs,file.info.resolved.expstrs,update,FALSE
uds,inbirmo,file.info.resolved.inbirmo,update,FALSE
uds,inbiryr,file.info.resolved.inbiryr,update,FALSE
uds,insex,file.info.resolved.insex,update,FALSE
uds,newinf,file.info.resolved.newinf,update,FALSE
uds,inhisp,file.info.resolved.inhisp,update,FALSE
uds,inhispor,file.info.resolved.inhispor,update,FALSE
uds,inhispox,file.info.resolved.inhispox,update,FALSE
uds,inrace,file.info.resolved.inrace,update,FALSE
uds,inracex,file.info.resolved.inracex,update,FALSE
uds,inrasec,file.info.resolved.inrasec,update,FALSE
uds,inrasecx,file.info.resolved.inrasecx,update,FALSE
uds,inrater,file.info.resolved.inrater,update,FALSE
uds,inraterx,file.info.resolved.inraterx,update,FALSE
uds,ineduc,file.info.resolved.ineduc,update,FALSE
uds,inrelto,file.info.resolved.inrelto,update,FALSE
uds,inreltox,file.info.resolved.inreltox,update,FALSE
uds,inknown,file.info.resolved.inknown,update,FALSE
uds,inlivwth,file.info.resolved.inlivwth,update,FALSE
uds,invisits,file.info.resolved.invisits,update,FALSE
uds,incalls,file.info.resolved.incalls,update,FALSE
uds,inrely,file.info.resolved.inrely,update,FALSE
uds,incntmod,file.info.resolved.incntmod,update,FALSE
uds,incnttim,file.info.resolved.incnttim,update,FALSE
uds,incntmdx,file.info.resolved.incntmdx,update,FALSE
uds,mometpr,file.info.resolved.mometpr,update,FALSE
uds,dadetpr,file.info.resolved.dadetpr,update,FALSE
uds,sib1etpr,file.info.resolved.sib1etpr,update,FALSE
uds,sib2etpr,file.info.resolved.sib2etpr,update,FALSE
uds,sib3etpr,file.info.resolved.sib3etpr,update,FALSE
uds,sib4etpr,file.info.resolved.sib4etpr,update,FALSE
uds,sib5etpr,file.info.resolved.sib5etpr,update,FALSE
uds,sib6etpr,file.info.resolved.sib6etpr,update,FALSE
uds,sib7etpr,file.info.resolved.sib7etpr,update,FALSE
uds,sib8etpr,file.info.resolved.sib8etpr,update,FALSE
uds,sib9etpr,file.info.resolved.sib9etpr,update,FALSE
uds,sib10etpr,file.info.resolved.sib10etpr,update,FALSE
uds,sib11etpr,file.info.resolved.sib11etpr,update,FALSE
uds,sib12etpr,file.info.resolved.sib12etpr,update,FALSE
uds,sib13etpr,file.info.resolved.sib13etpr,update,FALSE
uds,sib14etpr,file.info.resolved.sib14etpr,update,FALSE
uds,sib15etpr,file.info.resolved.sib15etpr,update,FALSE
uds,sib16etpr,file.info.resolved.sib16etpr,update,FALSE
uds,sib17etpr,file.info.resolved.sib17etpr,update,FALSE
uds,sib18etpr,file.info.resolved.sib18etpr,update,FALSE
uds,sib19etpr,file.info.resolved.sib19etpr,update,FALSE
uds,sib20etpr,file.info.resolved.sib20etpr,update,FALSE
uds,kid1etpr,file.info.resolved.kid1etpr,update,FALSE
uds,kid2etpr,file.info.resolved.kid2etpr,update,FALSE
uds,kid3etpr,file.info.resolved.kid3etpr,update,FALSE
uds,kid4etpr,file.info.resolved.kid4etpr,update,FALSE
uds,kid5etpr,file.info.resolved.kid5etpr,update,FALSE
uds,kid6etpr,file.info.resolved.kid6etpr,update,FALSE
uds,kid7etpr,file.info.resolved.kid7etpr,update,FALSE
uds,kid8etpr,file.info.resolved.kid8etpr,update,FALSE
uds,kid9etpr,file.info.resolved.kid9etpr,update,FALSE
uds,kid10etpr,file.info.resolved.kid10etpr,update,FALSE
uds,kid11etpr,file.info.resolved.kid11etpr,update,FALSE
uds,kid12etpr,file.info.resolved.kid12etpr,update,FALSE
uds,kid13etpr,file.info.resolved.kid13etpr,update,FALSE
uds,kid14etpr,file.info.resolved.kid14etpr,update,FALSE
uds,kid15etpr,file.info.resolved.kid15etpr,update,FALSE
uds,anymeds,file.info.resolved.anymeds,update,FALSE
uds,rxnormx,file.info.resolved.rxnormid1,update,FALSE
uds,rxnormx,file.info.resolved.rxnormid2,update,FALSE
uds,rxnormx,file.info.resolved.rxnormid3,update,FALSE
uds,rxnormx,file.info.resolved.rxnormid4,update,FALSE
uds,rxnormx,file.info.resolved.rxnormid5,update,FALSE
uds,rxnormx,file.info.resolved.rxnormid6,update,FALSE
uds,rxnormx,file.info.resolved.rxnormid7,update,FALSE
uds,rxnormx,file.info.resolved.rxnormid8,update,FALSE
uds,rxnormx,file.info.resolved.rxnormid9,update,FALSE
uds,rxnormx,file.info.resolved.rxnormid10,update,FALSE
uds,rxnormx,file.info.resolved.rxnormid11,update,FALSE
uds,rxnormx,file.info.resolved.rxnormid12,update,FALSE
uds,rxnormx,file.info.resolved.rxnormid13,update,FALSE
uds,rxnormx,file.info.resolved.rxnormid14,update,FALSE
uds,rxnormx,file.info.resolved.rxnormid15,update,FALSE
uds,rxnormx,file.info.resolved.rxnormid16,update,FALSE
uds,rxnormx,file.info.resolved.rxnormid17,update,FALSE
uds,rxnormx,file.info.resolved.rxnormid18,update,FALSE
uds,rxnormx,file.info.resolved.rxnormid19,update,FALSE
uds,rxnormx,file.info.resolved.rxnormid20,update,FALSE
uds,rxnormx,file.info.resolved.rxnormid21,update,FALSE
uds,rxnormx,file.info.resolved.rxnormid22,update,FALSE
uds,rxnormx,file.info.resolved.rxnormid23,update,FALSE
uds,rxnormx,file.info.resolved.rxnormid24,update,FALSE
uds,rxnormx,file.info.resolved.rxnormid25,update,FALSE
uds,rxnormx,file.info.resolved.rxnormid26,update,FALSE
uds,rxnormx,file.info.resolved.rxnormid27,update,FALSE
uds,rxnormx,file.info.resolved.rxnormid28,update,FALSE
uds,rxnormx,file.info.resolved.rxnormid29,update,FALSE
uds,rxnormx,file.info.resolved.rxnormid30,update,FALSE
uds,rxnormx,file.info.resolved.rxnormid31,update,FALSE
uds,rxnormx,file.info.resolved.rxnormid32,update,FALSE
uds,rxnormx,file.info.resolved.rxnormid33,update,FALSE
uds,rxnormx,file.info.resolved.rxnormid34,update,FALSE
uds,rxnormx,file.info.resolved.rxnormid35,update,FALSE
uds,rxnormx,file.info.resolved.rxnormid36,update,FALSE
uds,rxnormx,file.info.resolved.rxnormid37,update,FALSE
uds,rxnormx,file.info.resolved.rxnormid38,update,FALSE
uds,rxnormx,file.info.resolved.rxnormid39,update,FALSE
uds,rxnormx,file.info.resolved.rxnormid40,update,FALSE
uds,drugx,file.info.resolved.drug1,update,FALSE
uds,drugx,file.info.resolved.drug2,update,FALSE
uds,drugx,file.info.resolved.drug3,update,FALSE
uds,drugx,file.info.resolved.drug4,update,FALSE
uds,drugx,file.info.resolved.drug5,update,FALSE
uds,drugx,file.info.resolved.drug6,update,FALSE
uds,drugx,file.info.resolved.drug7,update,FALSE
uds,drugx,file.info.resolved.drug8,update,FALSE
uds,drugx,file.info.resolved.drug9,update,FALSE
uds,drugx,file.info.resolved.drug10,update,FALSE
uds,drugx,file.info.resolved.drug11,update,FALSE
uds,drugx,file.info.resolved.drug12,update,FALSE
uds,drugx,file.info.resolved.drug13,update,FALSE
uds,drugx,file.info.resolved.drug14,update,FALSE
uds,drugx,file.info.resolved.drug15,update,FALSE
uds,drugx,file.info.resolved.drug16,update,FALSE
uds,drugx,file.info.resolved.drug17,update,FALSE
uds,drugx,file.info.resolved.drug18,update,FALSE
uds,drugx,file.info.resolved.drug19,update,FALSE
uds,drugx,file.info.resolved.drug20,update,FALSE
uds,drugx,file.info.resolved.drug21,update,FALSE
uds,drugx,file.info.resolved.drug22,update,FALSE
uds,drugx,file.info.resolved.drug23,update,FALSE
uds,drugx,file.info.resolved.drug24,update,FALSE
uds,drugx,file.info.resolved.drug25,update,FALSE
uds,drugx,file.info.resolved.drug26,update,FALSE
uds,drugx,file.info.resolved.drug27,update,FALSE
uds,drugx,file.info.resolved.drug28,update,FALSE
uds,drugx,file.info.resolved.drug29,update,FALSE
uds,drugx,file.info.resolved.drug30,update,FALSE
uds,drugx,file.info.resolved.drug31,update,FALSE
uds,drugx,file.info.resolved.drug32,update,FALSE
uds,drugx,file.info.resolved.drug33,update,FALSE
uds,drugx,file.info.resolved.drug34,update,FALSE
uds,drugx,file.info.resolved.drug35,update,FALSE
uds,drugx,file.info.resolved.drug36,update,FALSE
uds,drugx,file.info.resolved.drug37,update,FALSE
uds,drugx,file.info.resolved.drug38,update,FALSE
uds,drugx,file.info.resolved.drug39,update,FALSE
uds,drugx,file.info.resolved.drug40,update,FALSE
uds,newtreat,file.info.resolved.newtreat,update,FALSE
uds,newadevent,file.info.resolved.newadevent,update,FALSE
uds,targetab1,file.info.resolved.targetab1,update,FALSE
uds,targettau1,file.info.resolved.targettau1,update,FALSE
uds,targetinf1,file.info.resolved.targetinf1,update,FALSE
uds,targetsyn1,file.info.resolved.targetsyn1,update,FALSE
uds,targetoth1,file.info.resolved.targetoth1,update,FALSE
uds,targetotx1,file.info.resolved.targetotx1,update,FALSE
uds,trttrial1,file.info.resolved.trttrial1,update,FALSE
uds,nctnum1,file.info.resolved.nctnum1,update,FALSE
uds,targetab2,file.info.resolved.targetab2,update,FALSE
uds,targettau2,file.info.resolved.targettau2,update,FALSE
uds,targetinf2,file.info.resolved.targetinf2,update,FALSE
uds,targetsyn2,file.info.resolved.targetsyn2,update,FALSE
uds,targetoth2,file.info.resolved.targetoth2,update,FALSE
uds,targetotx2,file.info.resolved.targetotx2,update,FALSE
uds,trttrial2,file.info.resolved.trttrial2,update,FALSE
uds,nctnum2,file.info.resolved.nctnum2,update,FALSE
uds,targetab3,file.info.resolved.targetab3,update,FALSE
uds,targettau3,file.info.resolved.targettau3,update,FALSE
uds,targetinf3,file.info.resolved.targetinf3,update,FALSE
uds,targetsyn3,file.info.resolved.targetsyn3,update,FALSE
uds,targetoth3,file.info.resolved.targetoth3,update,FALSE
uds,targetotx3,file.info.resolved.targetotx3,update,FALSE
uds,trttrial3,file.info.resolved.trttrial3,update,FALSE
uds,nctnum3,file.info.resolved.nctnum3,update,FALSE
uds,targetab4,file.info.resolved.targetab4,update,FALSE
uds,targettau4,file.info.resolved.targettau4,update,FALSE
uds,targetinf4,file.info.resolved.targetinf4,update,FALSE
uds,targetsyn4,file.info.resolved.targetsyn4,update,FALSE
uds,targetoth4,file.info.resolved.targetoth4,update,FALSE
uds,targetotx4,file.info.resolved.targetotx4,update,FALSE
uds,trttrial4,file.info.resolved.trttrial4,update,FALSE
uds,nctnum4,file.info.resolved.nctnum4,update,FALSE
uds,targetab5,file.info.resolved.targetab5,update,FALSE
uds,targettau5,file.info.resolved.targettau5,update,FALSE
uds,targetinf5,file.info.resolved.targetinf5,update,FALSE
uds,targetsyn5,file.info.resolved.targetsyn5,update,FALSE
uds,targetoth5,file.info.resolved.targetoth5,update,FALSE
uds,targetotx5,file.info.resolved.targetotx5,update,FALSE
uds,trttrial5,file.info.resolved.trttrial5,update,FALSE
uds,nctnum5,file.info.resolved.nctnum5,update,FALSE
uds,targetab6,file.info.resolved.targetab6,update,FALSE
uds,targettau6,file.info.resolved.targettau6,update,FALSE
uds,targetinf6,file.info.resolved.targetinf6,update,FALSE
uds,targetsyn6,file.info.resolved.targetsyn6,update,FALSE
uds,targetoth6,file.info.resolved.targetoth6,update,FALSE
uds,targetotx6,file.info.resolved.targetotx6,update,FALSE
uds,trttrial6,file.info.resolved.trttrial6,update,FALSE
uds,nctnum6,file.info.resolved.nctnum6,update,FALSE
uds,targetab7,file.info.resolved.targetab7,update,FALSE
uds,targettau7,file.info.resolved.targettau7,update,FALSE
uds,targetinf7,file.info.resolved.targetinf7,update,FALSE
uds,targetsyn7,file.info.resolved.targetsyn7,update,FALSE
uds,targetoth7,file.info.resolved.targetoth7,update,FALSE
uds,targetotx7,file.info.resolved.targetotx7,update,FALSE
uds,trttrial7,file.info.resolved.trttrial7,update,FALSE
uds,nctnum7,file.info.resolved.nctnum7,update,FALSE
uds,targetab8,file.info.resolved.targetab8,update,FALSE
uds,targettau8,file.info.resolved.targettau8,update,FALSE
uds,targetinf8,file.info.resolved.targetinf8,update,FALSE
uds,targetsyn8,file.info.resolved.targetsyn8,update,FALSE
uds,targetoth8,file.info.resolved.targetoth8,update,FALSE
uds,targetotx8,file.info.resolved.targetotx8,update,FALSE
uds,trttrial8,file.info.resolved.trttrial8,update,FALSE
uds,nctnum8,file.info.resolved.nctnum8,update,FALSE
uds,advevent,file.info.resolved.advevent,update,FALSE
uds,newtreat,file.info.resolved.newtreat,update,FALSE
uds,newadevent,file.info.resolved.newadevent,update,FALSE
uds,ariae,file.info.resolved.ariae,update,FALSE
uds,ariah,file.info.resolved.ariah,update,FALSE
uds,adverseothx,file.info.resolved.adverseothx,update,FALSE
uds,tobac30,file.info.resolved.tobac30,update,FALSE
uds,tobac100,file.info.resolved.tobac100,update,FALSE
uds,smokyrs,file.info.resolved.smokyrs,update,FALSE
uds,packsper,file.info.resolved.packsper,update,FALSE
uds,quitsmok,file.info.resolved.quitsmok,update,FALSE
uds,alcoccas,file.info.resolved.alcoccas,update,FALSE
uds,alcfreq,file.info.resolved.alcfreq,update,FALSE
uds,cvhatt,file.info.resolved.cvhatt,update,FALSE
uds,hattmult,file.info.resolved.hattmult,update,FALSE
uds,hattyear,file.info.resolved.hattyear,update,FALSE
uds,cvafib,file.info.resolved.cvafib,update,FALSE
uds,cvangio,file.info.resolved.cvangio,update,FALSE
uds,cvbypass,file.info.resolved.cvbypass,update,FALSE
uds,cvpacdef,file.info.resolved.cvpacdef,update,FALSE
uds,cvpace,file.info.resolved.cvpace,update,FALSE
uds,cvchf,file.info.resolved.cvchf,update,FALSE
uds,cvangina,file.info.resolved.cvangina,update,FALSE
uds,cvhvalve,file.info.resolved.cvhvalve,update,FALSE
uds,cvothr,file.info.resolved.cvothr,update,FALSE
uds,cvothrx,file.info.resolved.cvothrx,update,FALSE
uds,cbstroke,file.info.resolved.cbstroke,update,FALSE
uds,strokmul,file.info.resolved.strokmul,update,FALSE
uds,cbtia,file.info.resolved.cbtia,update,FALSE
uds,tiamult,file.info.resolved.tiamult,update,FALSE
uds,pd,file.info.resolved.pd,update,FALSE
uds,pdyr,file.info.resolved.pdyr,update,FALSE
uds,pdothr,file.info.resolved.pdothr,update,FALSE
uds,pdothryr,file.info.resolved.pdothryr,update,FALSE
uds,seizures,file.info.resolved.seizures,update,FALSE
uds,tbi,file.info.resolved.tbi,update,FALSE
uds,tbibrief,file.info.resolved.tbibrief,update,FALSE
uds,traumbrf,file.info.resolved.traumbrf,update,FALSE
uds,tbiexten,file.info.resolved.tbiexten,update,FALSE
uds,traumext,file.info.resolved.traumext,update,FALSE
uds,tbiwolos,file.info.resolved.tbiwolos,update,FALSE
uds,traumchr,file.info.resolved.traumchr,update,FALSE
uds,tbiyear,file.info.resolved.tbiyear,update,FALSE
uds,ncothr,file.info.resolved.ncothr,update,FALSE
uds,ncothrx,file.info.resolved.ncothrx,update,FALSE
uds,diabetes,file.info.resolved.diabetes,update,FALSE
uds,diabtype,file.info.resolved.diabtype,update,FALSE
uds,hyperten,file.info.resolved.hyperten,update,FALSE
uds,hypercho,file.info.resolved.hypercho,update,FALSE
uds,b12def,file.info.resolved.b12def,update,FALSE
uds,thyroid,file.info.resolved.thyroid,update,FALSE
uds,arthrit,file.info.resolved.arthrit,update,FALSE
uds,arthtype,file.info.resolved.arthtype,update,FALSE
uds,arthtypx,file.info.resolved.arthtypx,update,FALSE
uds,arthupex,file.info.resolved.arthupex,update,FALSE
uds,arthloex,file.info.resolved.arthloex,update,FALSE
uds,arthspin,file.info.resolved.arthspin,update,FALSE
uds,arthunk,file.info.resolved.arthunk,update,FALSE
uds,incontu,file.info.resolved.incontu,update,FALSE
uds,incontf,file.info.resolved.incontf,update,FALSE
uds,apnea,file.info.resolved.apnea,update,FALSE
uds,rbd,file.info.resolved.rbd,update,FALSE
uds,insomn,file.info.resolved.insomn,update,FALSE
uds,othsleep,file.info.resolved.othsleep,update,FALSE
uds,othsleex,file.info.resolved.othsleex,update,FALSE
uds,alcohol,file.info.resolved.alcohol,update,FALSE
uds,abusothr,file.info.resolved.abusothr,update,FALSE
uds,abusx,file.info.resolved.abusx,update,FALSE
uds,ptsd,file.info.resolved.ptsd,update,FALSE
uds,bipolar,file.info.resolved.bipolar,update,FALSE
uds,schiz,file.info.resolved.schiz,update,FALSE
uds,dep2yrs,file.info.resolved.dep2yrs,update,FALSE
uds,depothr,file.info.resolved.depothr,update,FALSE
uds,anxiety,file.info.resolved.anxiety,update,FALSE
uds,ocd,file.info.resolved.ocd,update,FALSE
uds,npsydev,file.info.resolved.npsydev,update,FALSE
uds,psycdis,file.info.resolved.psycdis,update,FALSE
uds,psycdisx,file.info.resolved.psycdisx,update,FALSE
uds,alcdrinks,file.info.forms.resolved.alcdrinks,update,FALSE
uds,alcbinge,file.info.forms.resolved.alcbinge,update,FALSE
uds,hrtattmult,file.info.forms.resolved.hrtattmult,update,FALSE
uds,hrtattage,file.info.forms.resolved.hrtattage,update,FALSE
uds,cardarrage,file.info.forms.resolved.cardarrage,update,FALSE
uds,bypassage,file.info.forms.resolved.bypassage,update,FALSE
uds,pacdefage,file.info.forms.resolved.pacdefage,update,FALSE
uds,valveage,file.info.forms.resolved.valveage,update,FALSE
uds,strokage,file.info.forms.resolved.strokage,update,FALSE
uds,strokstat,file.info.forms.resolved.strokstat,update,FALSE
uds,carotidage,file.info.forms.resolved.carotidage,update,FALSE
uds,tiaage,file.info.forms.resolved.tiaage,update,FALSE
uds,pdage,file.info.forms.resolved.pdage,update,FALSE
uds,pdothrage,file.info.forms.resolved.pdothrage,update,FALSE
uds,seiznum,file.info.forms.resolved.seiznum,update,FALSE
uds,seizage,file.info.forms.resolved.seizage,update,FALSE
uds,impamfoot,file.info.forms.resolved.impamfoot,update,FALSE
uds,impsoccer,file.info.forms.resolved.impsoccer,update,FALSE
uds,imphockey,file.info.forms.resolved.imphockey,update,FALSE
uds,impboxing,file.info.forms.resolved.impboxing,update,FALSE
uds,impsport,file.info.forms.resolved.impsport,update,FALSE
uds,impipv,file.info.forms.resolved.impipv,update,FALSE
uds,impmilit,file.info.forms.resolved.impmilit,update,FALSE
uds,impassault,file.info.forms.resolved.impassault,update,FALSE
uds,impother,file.info.forms.resolved.impother,update,FALSE
uds,impotherx,file.info.forms.resolved.impotherx,update,FALSE
uds,impyears,file.info.forms.resolved.impyears,update,FALSE
uds,firsttbi,file.info.forms.resolved.firsttbi,update,FALSE
uds,lasttbi,file.info.forms.resolved.lasttbi,update,FALSE
uds,diabins,file.info.forms.resolved.diabins,update,FALSE
uds,diabmeds,file.info.forms.resolved.diabmeds,update,FALSE
uds,diabglp1,file.info.forms.resolved.diabglp1,update,FALSE
uds,diabrecact,file.info.forms.resolved.diabrecact,update,FALSE
uds,diabdiet,file.info.forms.resolved.diabdiet,update,FALSE
uds,diabunk,file.info.forms.resolved.diabunk,update,FALSE
uds,diabage,file.info.forms.resolved.diabage,update,FALSE
uds,hypertage,file.info.forms.resolved.hypertage,update,FALSE
uds,hyperchage,file.info.forms.resolved.hyperchage,update,FALSE
uds,cpap,file.info.forms.resolved.cpap,update,FALSE
uds,apneaoral,file.info.forms.resolved.apneaoral,update,FALSE
uds,othsleex,file.info.forms.resolved.othsleex,update,FALSE
uds,cancerprim,file.info.forms.resolved.cancerprim,update,FALSE
uds,cancermeta,file.info.forms.resolved.cancermeta,update,FALSE
uds,cancmetbr,file.info.forms.resolved.cancmetbr,update,FALSE
uds,cancmetoth,file.info.forms.resolved.cancmetoth,update,FALSE
uds,cancerunk,file.info.forms.resolved.cancerunk,update,FALSE
uds,cancblood,file.info.forms.resolved.cancblood,update,FALSE
uds,cancbreast,file.info.forms.resolved.cancbreast,update,FALSE
uds,canccolon,file.info.forms.resolved.canccolon,update,FALSE
uds,canclung,file.info.forms.resolved.canclung,update,FALSE
uds,cancprost,file.info.forms.resolved.cancprost,update,FALSE
uds,cancother,file.info.forms.resolved.cancother,update,FALSE
uds,cancotherx,file.info.forms.resolved.cancotherx,update,FALSE
uds,cancrad,file.info.forms.resolved.cancrad,update,FALSE
uds,cancresect,file.info.forms.resolved.cancresect,update,FALSE
uds,cancimmuno,file.info.forms.resolved.cancimmuno,update,FALSE
uds,cancbone,file.info.forms.resolved.cancbone,update,FALSE
uds,cancchemo,file.info.forms.resolved.cancchemo,update,FALSE
uds,canchorm,file.info.forms.resolved.canchorm,update,FALSE
uds,canctroth,file.info.forms.resolved.canctroth,update,FALSE
uds,canctrothx,file.info.forms.resolved.canctrothx,update,FALSE
uds,cancerage,file.info.forms.resolved.cancerage,update,FALSE
uds,covidhosp,file.info.forms.resolved.covidhosp,update,FALSE
uds,kidneyage,file.info.forms.resolved.kidneyage,update,FALSE
uds,liverage,file.info.forms.resolved.liverage,update,FALSE
uds,pvdage,file.info.forms.resolved.pvdage,update,FALSE
uds,hivage,file.info.forms.resolved.hivage,update,FALSE
uds,deprtreat,file.info.forms.resolved.deprtreat,update,FALSE
uds,generalanx,file.info.forms.resolved.generalanx,update,FALSE
uds,panicdis,file.info.forms.resolved.panicdis,update,FALSE
uds,othanxdis,file.info.forms.resolved.othanxdis,update,FALSE
uds,othanxdisx,file.info.forms.resolved.othanxdisx,update,FALSE
uds,nomensage,file.info.forms.resolved.nomensage,update,FALSE
uds,nomensnat,file.info.forms.resolved.nomensnat,update,FALSE
uds,nomenshyst,file.info.forms.resolved.nomenshyst,update,FALSE
uds,nomenssurg,file.info.forms.resolved.nomenssurg,update,FALSE
uds,nomenschem,file.info.forms.resolved.nomenschem,update,FALSE
uds,nomensrad,file.info.forms.resolved.nomensrad,update,FALSE
uds,nomenshorm,file.info.forms.resolved.nomenshorm,update,FALSE
uds,nomensestr,file.info.forms.resolved.nomensestr,update,FALSE
uds,nomensunk,file.info.forms.resolved.nomensunk,update,FALSE
uds,nomensoth,file.info.forms.resolved.nomensoth,update,FALSE
uds,nomensothx,file.info.forms.resolved.nomensothx,update,FALSE
uds,hrtyears,file.info.forms.resolved.hrtyears,update,FALSE
uds,hrtstrtage,file.info.forms.resolved.hrtstrtage,update,FALSE
uds,hrtendage,file.info.forms.resolved.hrtendage,update,FALSE
uds,bcpillsyr,file.info.forms.resolved.bcpillsyr,update,FALSE
uds,bcstartage,file.info.forms.resolved.bcstartage,update,FALSE
uds,bcendage,file.info.forms.resolved.bcendage,update,FALSE
uds,height,file.info.resolved.height,update,FALSE
uds,weight,file.info.resolved.weight,update,FALSE
uds,bpsys,file.info.resolved.bpsys,update,FALSE
uds,bpdias,file.info.resolved.bpdias,update,FALSE
uds,hrate,file.info.resolved.hrate,update,FALSE
uds,vision,file.info.resolved.vision,update,FALSE
uds,viscorr,file.info.resolved.viscorr,update,FALSE
uds,viswcorr,file.info.resolved.viswcorr,update,FALSE
uds,hearing,file.info.resolved.hearing,update,FALSE
uds,hearaid,file.info.resolved.hearaid,update,FALSE
uds,hearwaid,file.info.resolved.hearwaid,update,FALSE
uds,abrupt,file.info.resolved.abrupt,update,FALSE
uds,stepwise,file.info.resolved.stepwise,update,FALSE
uds,somatic,file.info.resolved.somatic,update,FALSE
uds,emot,file.info.resolved.emot,update,FALSE
uds,hxhyper,file.info.resolved.hxhyper,update,FALSE
uds,hxstroke,file.info.resolved.hxstroke,update,FALSE
uds,foclsym,file.info.resolved.foclsym,update,FALSE
uds,foclsign,file.info.resolved.foclsign,update,FALSE
uds,hachin,file.info.resolved.hachin,update,FALSE
uds,cvdcog,file.info.resolved.cvdcog,update,FALSE
uds,strokcog,file.info.resolved.strokcog,update,FALSE
uds,cvdimag,file.info.resolved.cvdimag,update,FALSE
uds,cvdimag1,file.info.resolved.cvdimag1,update,FALSE
uds,cvdimag2,file.info.resolved.cvdimag2,update,FALSE
uds,cvdimag3,file.info.resolved.cvdimag3,update,FALSE
uds,cvdimag4,file.info.resolved.cvdimag4,update,FALSE
uds,cvdimagx,file.info.resolved.cvdimagx,update,FALSE
uds,pdnormal,file.info.resolved.pdnormal,update,FALSE
uds,speech,file.info.resolved.speech,update,FALSE
uds,speechx,file.info.resolved.speechx,update,FALSE
uds,facexp,file.info.resolved.facexp,update,FALSE
uds,facexpx,file.info.resolved.facexpx,update,FALSE
uds,trestfac,file.info.resolved.trestfac,update,FALSE
uds,trestfax,file.info.resolved.trestfax,update,FALSE
uds,trestrhd,file.info.resolved.trestrhd,update,FALSE
uds,trestrhx,file.info.resolved.trestrhx,update,FALSE
uds,trestlhd,file.info.resolved.trestlhd,update,FALSE
uds,trestlhx,file.info.resolved.trestlhx,update,FALSE
uds,trestrft,file.info.resolved.trestrft,update,FALSE
uds,trestrfx,file.info.resolved.trestrfx,update,FALSE
uds,trestlft,file.info.resolved.trestlft,update,FALSE
uds,trestlfx,file.info.resolved.trestlfx,update,FALSE
uds,tractrhd,file.info.resolved.tractrhd,update,FALSE
uds,tractrhx,file.info.resolved.tractrhx,update,FALSE
uds,tractlhd,file.info.resolved.tractlhd,update,FALSE
uds,tractlhx,file.info.resolved.tractlhx,update,FALSE
uds,rigdneck,file.info.resolved.rigdneck,update,FALSE
uds,rigdnex,file.info.resolved.rigdnex,update,FALSE
uds,rigduprt,file.info.resolved.rigduprt,update,FALSE
uds,rigduprx,file.info.resolved.rigduprx,update,FALSE
uds,rigduplf,file.info.resolved.rigduplf,update,FALSE
uds,rigduplx,file.info.resolved.rigduplx,update,FALSE
uds,rigdlort,file.info.resolved.rigdlort,update,FALSE
uds,rigdlorx,file.info.resolved.rigdlorx,update,FALSE
uds,rigdlolf,file.info.resolved.rigdlolf,update,FALSE
uds,rigdlolx,file.info.resolved.rigdlolx,update,FALSE
uds,tapsrt,file.info.resolved.tapsrt,update,FALSE
uds,tapsrtx,file.info.resolved.tapsrtx,update,FALSE
uds,tapslf,file.info.resolved.tapslf,update,FALSE
uds,tapslfx,file.info.resolved.tapslfx,update,FALSE
uds,handmovr,file.info.resolved.handmovr,update,FALSE
uds,handmvrx,file.info.resolved.handmvrx,update,FALSE
uds,handmovl,file.info.resolved.handmovl,update,FALSE
uds,handmvlx,file.info.resolved.handmvlx,update,FALSE
uds,handaltr,file.info.resolved.handaltr,update,FALSE
uds,handatrx,file.info.resolved.handatrx,update,FALSE
uds,handaltl,file.info.resolved.handaltl,update,FALSE
uds,handatlx,file.info.resolved.handatlx,update,FALSE
uds,legrt,file.info.resolved.legrt,update,FALSE
uds,legrtx,file.info.resolved.legrtx,update,FALSE
uds,leglf,file.info.resolved.leglf,update,FALSE
uds,leglfx,file.info.resolved.leglfx,update,FALSE
uds,arising,file.info.resolved.arising,update,FALSE
uds,arisingx,file.info.resolved.arisingx,update,FALSE
uds,posture,file.info.resolved.posture,update,FALSE
uds,posturex,file.info.resolved.posturex,update,FALSE
uds,gait,file.info.resolved.gait,update,FALSE
uds,gaitx,file.info.resolved.gaitx,update,FALSE
uds,posstab,file.info.resolved.posstab,update,FALSE
uds,posstabx,file.info.resolved.posstabx,update,FALSE
uds,bradykin,file.info.resolved.bradykin,update,FALSE
uds,bradykix,file.info.resolved.bradykix,update,FALSE
uds,totalupdrs,file.info.resolved.totalupdrs,update,FALSE
uds,memory,file.info.resolved.memory,update,FALSE
uds,orient,file.info.resolved.orient,update,FALSE
uds,judgment,file.info.resolved.judgment,update,FALSE
uds,commun,file.info.resolved.commun,update,FALSE
uds,homehobb,file.info.resolved.homehobb,update,FALSE
uds,perscare,file.info.resolved.perscare,update,FALSE
uds,cdrsum,file.info.resolved.cdrsum,update,FALSE
uds,cdrglob,file.info.resolved.cdrglob,update,FALSE
uds,comport,file.info.resolved.comport,update,FALSE
uds,cdrlang,file.info.resolved.cdrlang,update,FALSE
uds,npiqinf,file.info.resolved.npiqinf,update,FALSE
uds,npiqinfx,file.info.resolved.npiqinfx,update,FALSE
uds,del,file.info.resolved.del,update,FALSE
uds,delsev,file.info.resolved.delsev,update,FALSE
uds,hall,file.info.resolved.hall,update,FALSE
uds,hallsev,file.info.resolved.hallsev,update,FALSE
uds,agit,file.info.resolved.agit,update,FALSE
uds,agitsev,file.info.resolved.agitsev,update,FALSE
uds,depd,file.info.resolved.depd,update,FALSE
uds,depdsev,file.info.resolved.depdsev,update,FALSE
uds,anx,file.info.resolved.anx,update,FALSE
uds,anxsev,file.info.resolved.anxsev,update,FALSE
uds,elat,file.info.resolved.elat,update,FALSE
uds,elatsev,file.info.resolved.elatsev,update,FALSE
uds,apa,file.info.resolved.apa,update,FALSE
uds,apasev,file.info.resolved.apasev,update,FALSE
uds,disn,file.info.resolved.disn,update,FALSE
uds,disnsev,file.info.resolved.disnsev,update,FALSE
uds,irr,file.info.resolved.irr,update,FALSE
uds,irrsev,file.info.resolved.irrsev,update,FALSE
uds,mot,file.info.resolved.mot,update,FALSE
uds,motsev,file.info.resolved.motsev,update,FALSE
uds,nite,file.info.resolved.nite,update,FALSE
uds,nitesev,file.info.resolved.nitesev,update,FALSE
uds,app,file.info.resolved.app,update,FALSE
uds,appsev,file.info.resolved.appsev,update,FALSE
uds,nogds,file.info.resolved.nogds,update,FALSE
uds,satis,file.info.resolved.satis,update,FALSE
uds,dropact,file.info.resolved.dropact,update,FALSE
uds,empty,file.info.resolved.empty,update,FALSE
uds,bored,file.info.resolved.bored,update,FALSE
uds,spirits,file.info.resolved.spirits,update,FALSE
uds,afraid,file.info.resolved.afraid,update,FALSE
uds,happy,file.info.resolved.happy,update,FALSE
uds,helpless,file.info.resolved.helpless,update,FALSE
uds,stayhome,file.info.resolved.stayhome,update,FALSE
uds,memprob,file.info.resolved.memprob,update,FALSE
uds,wondrful,file.info.resolved.wondrful,update,FALSE
uds,wrthless,file.info.resolved.wrthless,update,FALSE
uds,energy,file.info.resolved.energy,update,FALSE
uds,hopeless,file.info.resolved.hopeless,update,FALSE
uds,better,file.info.resolved.better,update,FALSE
uds,bills,file.info.resolved.bills,update,FALSE
uds,taxes,file.info.resolved.taxes,update,FALSE
uds,shopping,file.info.resolved.shopping,update,FALSE
uds,games,file.info.resolved.games,update,FALSE
uds,stove,file.info.resolved.stove,update,FALSE
uds,mealprep,file.info.resolved.mealprep,update,FALSE
uds,events,file.info.resolved.events,update,FALSE
uds,payattn,file.info.resolved.payattn,update,FALSE
uds,remdates,file.info.resolved.remdates,update,FALSE
uds,travel,file.info.resolved.travel,update,FALSE
uds,normexam,file.info.resolved.normexam,update,FALSE
uds,focldef,file.info.resolved.focldef,update,FALSE
uds,gaitdis,file.info.resolved.gaitdis,update,FALSE
uds,eyemove,file.info.resolved.eyemove,update,FALSE
uds,parksign,file.info.resolved.parksign,update,FALSE
uds,resttrl,file.info.resolved.resttrl,update,FALSE
uds,resttrr,file.info.resolved.resttrr,update,FALSE
uds,slowingl,file.info.resolved.slowingl,update,FALSE
uds,slowingr,file.info.resolved.slowingr,update,FALSE
uds,rigidl,file.info.resolved.rigidl,update,FALSE
uds,rigidr,file.info.resolved.rigidr,update,FALSE
uds,brady,file.info.resolved.brady,update,FALSE
uds,parkgait,file.info.resolved.parkgait,update,FALSE
uds,postinst,file.info.resolved.postinst,update,FALSE
uds,cvdsigns,file.info.resolved.cvdsigns,update,FALSE
uds,cortdef,file.info.resolved.cortdef,update,FALSE
uds,sivdfind,file.info.resolved.sivdfind,update,FALSE
uds,cvdmotl,file.info.resolved.cvdmotl,update,FALSE
uds,cvdmotr,file.info.resolved.cvdmotr,update,FALSE
uds,cortvisl,file.info.resolved.cortvisl,update,FALSE
uds,cortvisr,file.info.resolved.cortvisr,update,FALSE
uds,somatl,file.info.resolved.somatl,update,FALSE
uds,somatr,file.info.resolved.somatr,update,FALSE
uds,postcort,file.info.resolved.postcort,update,FALSE
uds,pspcbs,file.info.resolved.pspcbs,update,FALSE
uds,eyepsp,file.info.resolved.eyepsp,update,FALSE
uds,dyspsp,file.info.resolved.dyspsp,update,FALSE
uds,axialpsp,file.info.resolved.axialpsp,update,FALSE
uds,gaitpsp,file.info.resolved.gaitpsp,update,FALSE
uds,apraxsp,file.info.resolved.apraxsp,update,FALSE
uds,apraxl,file.info.resolved.apraxl,update,FALSE
uds,apraxr,file.info.resolved.apraxr,update,FALSE
uds,cortsenl,file.info.resolved.cortsenl,update,FALSE
uds,cortsenr,file.info.resolved.cortsenr,update,FALSE
uds,ataxl,file.info.resolved.ataxl,update,FALSE
uds,ataxr,file.info.resolved.ataxr,update,FALSE
uds,alienlml,file.info.resolved.alienlml,update,FALSE
uds,alienlmr,file.info.resolved.alienlmr,update,FALSE
uds,dystonl,file.info.resolved.dystonl,update,FALSE
uds,dystonr,file.info.resolved.dystonr,update,FALSE
uds,myocllt,file.info.resolved.myocllt,update,FALSE
uds,myoclrt,file.info.resolved.myoclrt,update,FALSE
uds,alsfind,file.info.resolved.alsfind,update,FALSE
uds,gaitnph,file.info.resolved.gaitnph,update,FALSE
uds,othneur,file.info.resolved.othneur,update,FALSE
uds,othneurx,file.info.resolved.othneurx,update,FALSE
uds,othersign,file.info.resolved.othersign,update,FALSE
uds,gaitabn,file.info.resolved.gaitabn,update,FALSE
uds,gaitfind,file.info.resolved.gaitfind,update,FALSE
uds,slowingfm,file.info.resolved.slowingfm,update,FALSE
uds,tremrest,file.info.resolved.tremrest,update,FALSE
uds,trempost,file.info.resolved.trempost,update,FALSE
uds,tremkine,file.info.resolved.tremkine,update,FALSE
uds,rigidarm,file.info.resolved.rigidarm,update,FALSE
uds,rigidleg,file.info.resolved.rigidleg,update,FALSE
uds,dystarm,file.info.resolved.dystarm,update,FALSE
uds,dystleg,file.info.resolved.dystleg,update,FALSE
uds,chorea,file.info.resolved.chorea,update,FALSE
uds,ampmotor,file.info.resolved.ampmotor,update,FALSE
uds,axialrig,file.info.resolved.axialrig,update,FALSE
uds,postinst,file.info.resolved.postinst,update,FALSE
uds,masking,file.info.resolved.masking,update,FALSE
uds,stooped,file.info.resolved.stooped,update,FALSE
uds,limbaprax,file.info.resolved.limbaprax,update,FALSE
uds,umndist,file.info.resolved.umndist,update,FALSE
uds,lmndist,file.info.resolved.lmndist,update,FALSE
uds,vfieldcut,file.info.resolved.vfieldcut,update,FALSE
uds,limbatax,file.info.resolved.limbatax,update,FALSE
uds,myoclon,file.info.resolved.myoclon,update,FALSE
uds,unisomato,file.info.resolved.unisomato,update,FALSE
uds,aphasia,file.info.resolved.aphasia,update,FALSE
uds,alienlimb,file.info.resolved.alienlimb,update,FALSE
uds,hspatneg,file.info.resolved.hspatneg,update,FALSE
uds,pspoagno,file.info.resolved.pspoagno,update,FALSE
uds,smtagno,file.info.resolved.smtagno,update,FALSE
uds,opticatax,file.info.resolved.opticatax,update,FALSE
uds,apraxgaze,file.info.resolved.apraxgaze,update,FALSE
uds,vhgazepal,file.info.resolved.vhgazepal,update,FALSE
uds,dysarth,file.info.resolved.dysarth,update,FALSE
uds,apraxsp,file.info.resolved.apraxsp,update,FALSE
uds,b9chg,file.info.resolved.b9chg,update,FALSE
uds,decsub,file.info.resolved.decsub,update,FALSE
uds,decin,file.info.resolved.decin,update,FALSE
uds,decclin,file.info.resolved.decclin,update,FALSE
uds,decclcog,file.info.resolved.decclcog,update,FALSE
uds,cogmem,file.info.resolved.cogmem,update,FALSE
uds,cogori,file.info.resolved.cogori,update,FALSE
uds,cogjudg,file.info.resolved.cogjudg,update,FALSE
uds,coglang,file.info.resolved.coglang,update,FALSE
uds,cogvis,file.info.resolved.cogvis,update,FALSE
uds,cogattn,file.info.resolved.cogattn,update,FALSE
uds,cogfluc,file.info.resolved.cogfluc,update,FALSE
uds,cogflago,file.info.resolved.cogflago,update,FALSE
uds,cogothr,file.info.resolved.cogothr,update,FALSE
uds,cogothrx,file.info.resolved.cogothrx,update,FALSE
uds,cogmode,file.info.resolved.cogmode,update,FALSE
uds,cogmodex,file.info.resolved.cogmodex,update,FALSE
uds,decage,file.info.resolved.decage,update,FALSE
uds,decclbe,file.info.resolved.decclbe,update,FALSE
uds,beapathy,file.info.resolved.beapathy,update,FALSE
uds,bedep,file.info.resolved.bedep,update,FALSE
uds,bevhall,file.info.resolved.bevhall,update,FALSE
uds,bevwell,file.info.resolved.bevwell,update,FALSE
uds,bevhago,file.info.resolved.bevhago,update,FALSE
uds,beahall,file.info.resolved.beahall,update,FALSE
uds,bedel,file.info.resolved.bedel,update,FALSE
uds,bedisin,file.info.resolved.bedisin,update,FALSE
uds,beirrit,file.info.resolved.beirrit,update,FALSE
uds,beagit,file.info.resolved.beagit,update,FALSE
uds,beperch,file.info.resolved.beperch,update,FALSE
uds,berem,file.info.resolved.berem,update,FALSE
uds,beremago,file.info.resolved.beremago,update,FALSE
uds,beanx,file.info.resolved.beanx,update,FALSE
uds,beothr,file.info.resolved.beothr,update,FALSE
uds,beothrx,file.info.resolved.beothrx,update,FALSE
uds,bemode,file.info.resolved.bemode,update,FALSE
uds,bemodex,file.info.resolved.bemodex,update,FALSE
uds,beage,file.info.resolved.beage,update,FALSE
uds,decclmot,file.info.resolved.decclmot,update,FALSE
uds,mogait,file.info.resolved.mogait,update,FALSE
uds,mofalls,file.info.resolved.mofalls,update,FALSE
uds,motrem,file.info.resolved.motrem,update,FALSE
uds,moslow,file.info.resolved.moslow,update,FALSE
uds,momode,file.info.resolved.momode,update,FALSE
uds,momodex,file.info.resolved.momodex,update,FALSE
uds,momopark,file.info.resolved.momopark,update,FALSE
uds,parkage,file.info.resolved.parkage,update,FALSE
uds,momoals,file.info.resolved.momoals,update,FALSE
uds,alsage,file.info.resolved.alsage,update,FALSE
uds,moage,file.info.resolved.moage,update,FALSE
uds,course,file.info.resolved.course,update,FALSE
uds,frstchg,file.info.resolved.frstchg,update,FALSE
uds,beeuph,file.info.resolved.beeuph,update,FALSE
uds,bevpatt,file.info.resolved.bevpatt,update,FALSE
uds,beahsimp,file.info.resolved.beahsimp,update,FALSE
uds,beahcomp,file.info.resolved.beahcomp,update,FALSE
uds,beaggrs,file.info.resolved.beaggrs,update,FALSE
uds,beempath,file.info.resolved.beempath,update,FALSE
uds,beobcom,file.info.resolved.beobcom,update,FALSE
uds,beanger,file.info.resolved.beanger,update,FALSE
uds,besubab,file.info.resolved.besubab,update,FALSE
uds,beremconf,file.info.resolved.beremconf,update,FALSE
uds,molimb,file.info.resolved.molimb,update,FALSE
uds,moface,file.info.resolved.moface,update,FALSE
uds,mospeech,file.info.resolved.mospeech,update,FALSE
uds,othsubusex,file.info.resolved.othsubusex,update,FALSE
uds,behage,file.info.resolved.behage,update,FALSE
uds,psychage,file.info.resolved.psychage,update,FALSE
uds,perchage,file.info.resolved.perchage,update,FALSE
uds,motorage,file.info.resolved.motorage,update,FALSE
uds,alcuse,file.info.resolved.alcuse,update,FALSE
uds,seduse,file.info.resolved.seduse,update,FALSE
uds,opiateuse,file.info.resolved.opiateuse,update,FALSE
uds,cocaineuse,file.info.resolved.cocaineuse,update,FALSE
uds,cannabuse,file.info.resolved.cannabuse,update,FALSE
uds,othsubuse,file.info.resolved.othsubuse,update,FALSE
uds,mofrst,file.info.resolved.mofrst,update,FALSE
uds,befpred,file.info.resolved.befpred,update,FALSE
uds,cogfpred,file.info.resolved.cogfpred,update,FALSE
uds,befrst,file.info.resolved.befrst,update,FALSE
uds,cogfrst,file.info.resolved.cogfrst,update,FALSE
uds,lbdeval,file.info.resolved.lbdeval,update,FALSE
uds,ftldeval,file.info.resolved.ftldeval,update,FALSE
uds,mmsecomp,file.info.resolved.mmsecomp,update,FALSE
uds,mmseloc,file.info.resolved.mmseloc,update,FALSE
uds,mmselan,file.info.resolved.mmselan,update,FALSE
uds,mmselanx,file.info.resolved.mmselanx,update,FALSE
uds,mmsevis,file.info.resolved.mmsevis,update,FALSE
uds,mmsehear,file.info.resolved.mmsehear,update,FALSE
uds,mmseorda,file.info.resolved.mmseorda,update,FALSE
uds,mmseorlo,file.info.resolved.mmseorlo,update,FALSE
uds,pentagon,file.info.resolved.pentagon,update,FALSE
uds,npsycloc,file.info.resolved.npsycloc,update,FALSE
uds,npsylan,file.info.resolved.npsylan,update,FALSE
uds,npsylanx,file.info.resolved.npsylanx,update,FALSE
uds,logimo,file.info.resolved.logimo,update,FALSE
uds,logiday,file.info.resolved.logiday,update,FALSE
uds,logiyr,file.info.resolved.logiyr,update,FALSE
uds,logiprev,file.info.resolved.logiprev,update,FALSE
uds,logimem,file.info.resolved.logimem,update,FALSE
uds,memunits,file.info.resolved.memunits,update,FALSE
uds,memtime,file.info.resolved.memtime,update,FALSE
uds,udsbentc,file.info.resolved.udsbentc,update,FALSE
uds,udsbentd,file.info.resolved.udsbentd,update,FALSE
uds,udsbenrs,file.info.resolved.udsbenrs,update,FALSE
uds,digif,file.info.resolved.digif,update,FALSE
uds,digiflen,file.info.resolved.digiflen,update,FALSE
uds,digib,file.info.resolved.digib,update,FALSE
uds,digiblen,file.info.resolved.digiblen,update,FALSE
uds,animals,file.info.resolved.animals,update,FALSE
uds,veg,file.info.resolved.veg,update,FALSE
uds,traila,file.info.resolved.traila,update,FALSE
uds,trailarr,file.info.resolved.trailarr,update,FALSE
uds,trailali,file.info.resolved.trailali,update,FALSE
uds,trailb,file.info.resolved.trailb,update,FALSE
uds,trailbrr,file.info.resolved.trailbrr,update,FALSE
uds,trailbli,file.info.resolved.trailbli,update,FALSE
uds,wais,file.info.resolved.wais,update,FALSE
uds,boston,file.info.resolved.boston,update,FALSE
uds,udsverfc,file.info.resolved.udsverfc,update,FALSE
uds,udsverfn,file.info.resolved.udsverfn,update,FALSE
uds,udsvernf,file.info.resolved.udsvernf,update,FALSE
uds,udsverlc,file.info.resolved.udsverlc,update,FALSE
uds,udsverlr,file.info.resolved.udsverlr,update,FALSE
uds,udsverln,file.info.resolved.udsverln,update,FALSE
uds,udsvertn,file.info.resolved.udsvertn,update,FALSE
uds,udsverte,file.info.resolved.udsverte,update,FALSE
uds,udsverti,file.info.resolved.udsverti,update,FALSE
uds,cogstat,file.info.resolved.cogstat,update,FALSE
uds,mocacomp,file.info.resolved.mocacomp,update,FALSE
uds,mocareas,file.info.resolved.mocareas,update,FALSE
uds,mocaloc,file.info.resolved.mocaloc,update,FALSE
uds,mocalan,file.info.resolved.mocalan,update,FALSE
uds,mocalanx,file.info.resolved.mocalanx,update,FALSE
uds,mocavis,file.info.resolved.mocavis,update,FALSE
uds,mocahear,file.info.resolved.mocahear,update,FALSE
uds,mocatots,file.info.resolved.mocatots,update,FALSE
uds,mocatrai,file.info.resolved.mocatrai,update,FALSE
uds,mocacube,file.info.resolved.mocacube,update,FALSE
uds,mocacloc,file.info.resolved.mocacloc,update,FALSE
uds,mocaclon,file.info.resolved.mocaclon,update,FALSE
uds,mocacloh,file.info.resolved.mocacloh,update,FALSE
uds,mocanami,file.info.resolved.mocanami,update,FALSE
uds,mocaregi,file.info.resolved.mocaregi,update,FALSE
uds,mocadigi,file.info.resolved.mocadigi,update,FALSE
uds,mocalett,file.info.resolved.mocalett,update,FALSE
uds,mocaser7,file.info.resolved.mocaser7,update,FALSE
uds,mocarepe,file.info.resolved.mocarepe,update,FALSE
uds,mocaflue,file.info.resolved.mocaflue,update,FALSE
uds,mocaabst,file.info.resolved.mocaabst,update,FALSE
uds,mocarecn,file.info.resolved.mocarecn,update,FALSE
uds,mocarecc,file.info.resolved.mocarecc,update,FALSE
uds,mocarecr,file.info.resolved.mocarecr,update,FALSE
uds,mocaordt,file.info.resolved.mocaordt,update,FALSE
uds,mocaormo,file.info.resolved.mocaormo,update,FALSE
uds,mocaoryr,file.info.resolved.mocaoryr,update,FALSE
uds,mocaordy,file.info.resolved.mocaordy,update,FALSE
uds,mocaorpl,file.info.resolved.mocaorpl,update,FALSE
uds,mocaorct,file.info.resolved.mocaorct,update,FALSE
uds,craftvrs,file.info.resolved.craftvrs,update,FALSE
uds,crafturs,file.info.resolved.crafturs,update,FALSE
uds,digforct,file.info.resolved.digforct,update,FALSE
uds,digforsl,file.info.resolved.digforsl,update,FALSE
uds,digbacct,file.info.resolved.digbacct,update,FALSE
uds,digbacls,file.info.resolved.digbacls,update,FALSE
uds,craftdvr,file.info.resolved.craftdvr,update,FALSE
uds,craftdre,file.info.resolved.craftdre,update,FALSE
uds,craftdti,file.info.resolved.craftdti,update,FALSE
uds,craftcue,file.info.resolved.craftcue,update,FALSE
uds,minttots,file.info.resolved.minttots,update,FALSE
uds,minttotw,file.info.resolved.minttotw,update,FALSE
uds,mintscng,file.info.resolved.mintscng,update,FALSE
uds,mintscnc,file.info.resolved.mintscnc,update,FALSE
uds,mintpcng,file.info.resolved.mintpcng,update,FALSE
uds,mintpcnc,file.info.resolved.mintpcnc,update,FALSE
uds,modcomm,file.info.resolved.modcomm,update,FALSE
uds,mocbtots,file.info.resolved.mocbtots,update,FALSE
uds,rey1rec,file.info.resolved.rey1rec,update,FALSE
uds,rey1int,file.info.resolved.rey1int,update,FALSE
uds,rey2rec,file.info.resolved.rey2rec,update,FALSE
uds,rey2int,file.info.resolved.rey2int,update,FALSE
uds,rey3rec,file.info.resolved.rey3rec,update,FALSE
uds,rey3int,file.info.resolved.rey3int,update,FALSE
uds,rey4rec,file.info.resolved.rey4rec,update,FALSE
uds,rey4int,file.info.resolved.rey4int,update,FALSE
uds,rey5rec,file.info.resolved.rey5rec,update,FALSE
uds,rey5int,file.info.resolved.rey5int,update,FALSE
uds,rey6rec,file.info.resolved.rey6rec,update,FALSE
uds,rey6int,file.info.resolved.rey6int,update,FALSE
uds,otraila,file.info.resolved.otraila,update,FALSE
uds,otrlarr,file.info.resolved.otrlarr,update,FALSE
uds,otrlali,file.info.resolved.otrlali,update,FALSE
uds,otrailb,file.info.resolved.otrailb,update,FALSE
uds,otrlbrr,file.info.resolved.otrlbrr,update,FALSE
uds,otrlbli,file.info.resolved.otrlbli,update,FALSE
uds,reydrec,file.info.resolved.reydrec,update,FALSE
uds,reydint,file.info.resolved.reydint,update,FALSE
uds,reytcor,file.info.resolved.reytcor,update,FALSE
uds,reyfpos,file.info.resolved.reyfpos,update,FALSE
uds,vnttotw,file.info.resolved.vnttotw,update,FALSE
uds,vntpcnc,file.info.resolved.vntpcnc,update,FALSE
uds,respval,file.info.resolved.respval,update,FALSE
uds,resphear,file.info.resolved.resphear,update,FALSE
uds,respdist,file.info.resolved.respdist,update,FALSE
uds,respintr,file.info.resolved.respintr,update,FALSE
uds,respdisn,file.info.resolved.respdisn,update,FALSE
uds,respfatg,file.info.resolved.respfatg,update,FALSE
uds,respemot,file.info.resolved.respemot,update,FALSE
uds,respasst,file.info.resolved.respasst,update,FALSE
uds,respoth,file.info.resolved.respoth,update,FALSE
uds,respothx,file.info.resolved.respothx,update,FALSE
uds,reydti,file.info.resolved.reydti,update,FALSE
uds,reymethod,file.info.resolved.reymethod,update,FALSE
uds,cerad1rec,file.info.resolved.cerad1rec,update,false
uds,cerad1read,file.info.resolved.cerad1read,update,false
uds,cerad1int,file.info.resolved.cerad1int,update,false
uds,cerad2rec,file.info.resolved.cerad2rec,update,false
uds,cerad2read,file.info.resolved.cerad2read,update,false
uds,cerad2int,file.info.resolved.cerad2int,update,false
uds,cerad3rec,file.info.resolved.cerad3rec,update,false
uds,cerad3read,file.info.resolved.cerad3read,update,false
uds,cerad3int,file.info.resolved.cerad3int,update,false
uds,ceraddti,file.info.resolved.ceraddti,update,false
uds,ceradj6rec,file.info.resolved.ceradj6rec,update,false
uds,ceradj6int,file.info.resolved.ceradj6int,update,false
uds,ceradj7yes,file.info.resolved.ceradj7yes,update,false
uds,ceradj7no,file.info.resolved.ceradj7no,update,false
uds,reybrec,file.info.resolved.reybrec,update,false
uds,reybint,file.info.resolved.reybint,update,false
uds,whodiddx,file.info.resolved.whodiddx,update,FALSE
uds,dxmethod,file.info.resolved.dxmethod,update,FALSE
uds,normcog,file.info.resolved.normcog,update,FALSE
uds,demented,file.info.resolved.demented,update,FALSE
uds,amndem,file.info.resolved.amndem,update,FALSE
uds,pca,file.info.resolved.pca,update,FALSE
uds,namndem,file.info.resolved.namndem,update,FALSE
uds,impnomci,file.info.resolved.impnomci,update,FALSE
uds,amylpet,file.info.resolved.amylpet,update,FALSE
uds,amylcsf,file.info.resolved.amylcsf,update,FALSE
uds,fdgad,file.info.resolved.fdgad,update,FALSE
uds,hippatr,file.info.resolved.hippatr,update,FALSE
uds,taupetad,file.info.resolved.taupetad,update,FALSE
uds,csftau,file.info.resolved.csftau,update,FALSE
uds,fdgftld,file.info.resolved.fdgftld,update,FALSE
uds,tpetftld,file.info.resolved.tpetftld,update,FALSE
uds,mrftld,file.info.resolved.mrftld,update,FALSE
uds,datscan,file.info.resolved.datscan,update,FALSE
uds,othbiom,file.info.resolved.othbiom,update,FALSE
uds,othbiomx,file.info.resolved.othbiomx,update,FALSE
uds,imaglinf,file.info.resolved.imaglinf,update,FALSE
uds,imaglac,file.info.resolved.imaglac,update,FALSE
uds,imagmach,file.info.resolved.imagmach,update,FALSE
uds,imagmich,file.info.resolved.imagmich,update,FALSE
uds,imagmwmh,file.info.resolved.imagmwmh,update,FALSE
uds,imagewmh,file.info.resolved.imagewmh,update,FALSE
uds,othmut,file.info.resolved.othmut,update,FALSE
uds,othmutx,file.info.resolved.othmutx,update,FALSE
uds,probad,file.info.resolved.probad,update,FALSE
uds,probadif,file.info.resolved.probadif,update,FALSE
uds,possad,file.info.resolved.possad,update,FALSE
uds,possadif,file.info.resolved.possadif,update,FALSE
uds,park,file.info.resolved.park,update,FALSE
uds,msa,file.info.resolved.msa,update,FALSE
uds,msaif,file.info.resolved.msaif,update,FALSE
uds,psp,file.info.resolved.psp,update,FALSE
uds,pspif,file.info.resolved.pspif,update,FALSE
uds,cort,file.info.resolved.cort,update,FALSE
uds,cortif,file.info.resolved.cortif,update,FALSE
uds,ftldmo,file.info.resolved.ftldmo,update,FALSE
uds,ftldmoif,file.info.resolved.ftldmoif,update,FALSE
uds,ftldnos,file.info.resolved.ftldnos,update,FALSE
uds,ftldnoif,file.info.resolved.ftldnoif,update,FALSE
uds,ftd,file.info.resolved.ftd,update,FALSE
uds,ftdif,file.info.resolved.ftdif,update,FALSE
uds,ppaph,file.info.resolved.ppaph,update,FALSE
uds,ppaphif,file.info.resolved.ppaphif,update,FALSE
uds,ftldsubt,file.info.resolved.ftldsubt,update,FALSE
uds,ftldsubx,file.info.resolved.ftldsubx,update,FALSE
uds,cvd,file.info.resolved.cvd,update,FALSE
uds,cvdif,file.info.resolved.cvdif,update,FALSE
uds,prevstk,file.info.resolved.prevstk,update,FALSE
uds,strokdec,file.info.resolved.strokdec,update,FALSE
uds,stkimag,file.info.resolved.stkimag,update,FALSE
uds,infnetw,file.info.resolved.infnetw,update,FALSE
uds,infwmh,file.info.resolved.infwmh,update,FALSE
uds,vasc,file.info.resolved.vasc,update,FALSE
uds,vascif,file.info.resolved.vascif,update,FALSE
uds,vascps,file.info.resolved.vascps,update,FALSE
uds,vascpsif,file.info.resolved.vascpsif,update,FALSE
uds,stroke,file.info.resolved.stroke,update,FALSE
uds,strokif,file.info.resolved.strokif,update,FALSE
uds,esstrem,file.info.resolved.esstrem,update,FALSE
uds,esstreif,file.info.resolved.esstreif,update,FALSE
uds,downs,file.info.resolved.downs,update,FALSE
uds,downsif,file.info.resolved.downsif,update,FALSE
uds,hunt,file.info.resolved.hunt,update,FALSE
uds,huntif,file.info.resolved.huntif,update,FALSE
uds,prion,file.info.resolved.prion,update,FALSE
uds,prionif,file.info.resolved.prionif,update,FALSE
uds,brninj,file.info.resolved.brninj,update,FALSE
uds,brninjif,file.info.resolved.brninjif,update,FALSE
uds,brnincte,file.info.resolved.brnincte,update,FALSE
uds,hyceph,file.info.resolved.hyceph,update,FALSE
uds,hycephif,file.info.resolved.hycephif,update,FALSE
uds,epilep,file.info.resolved.epilep,update,FALSE
uds,epilepif,file.info.resolved.epilepif,update,FALSE
uds,neop,file.info.resolved.neop,update,FALSE
uds,neopif,file.info.resolved.neopif,update,FALSE
uds,neopstat,file.info.resolved.neopstat,update,FALSE
uds,hiv,file.info.resolved.hiv,update,FALSE
uds,hivif,file.info.resolved.hivif,update,FALSE
uds,othcog,file.info.resolved.othcog,update,FALSE
uds,othcogif,file.info.resolved.othcogif,update,FALSE
uds,othcogx,file.info.resolved.othcogx,update,FALSE
uds,dep,file.info.resolved.dep,update,FALSE
uds,depif,file.info.resolved.depif,update,FALSE
uds,deptreat,file.info.resolved.deptreat,update,FALSE
uds,bipoldx,file.info.resolved.bipoldx,update,FALSE
uds,bipoldif,file.info.resolved.bipoldif,update,FALSE
uds,schizop,file.info.resolved.schizop,update,FALSE
uds,schizoif,file.info.resolved.schizoif,update,FALSE
uds,anxiet,file.info.resolved.anxiet,update,FALSE
uds,anxietif,file.info.resolved.anxietif,update,FALSE
uds,delir,file.info.resolved.delir,update,FALSE
uds,delirif,file.info.resolved.delirif,update,FALSE
uds,ptsddx,file.info.resolved.ptsddx,update,FALSE
uds,ptsddxif,file.info.resolved.ptsddxif,update,FALSE
uds,othpsy,file.info.resolved.othpsy,update,FALSE
uds,othpsyif,file.info.resolved.othpsyif,update,FALSE
uds,othpsyx,file.info.resolved.othpsyx,update,FALSE
uds,alcdem,file.info.resolved.alcdem,update,FALSE
uds,alcdemif,file.info.resolved.alcdemif,update,FALSE
uds,alcabuse,file.info.resolved.alcabuse,update,FALSE
uds,impsub,file.info.resolved.impsub,update,FALSE
uds,impsubif,file.info.resolved.impsubif,update,FALSE
uds,dysill,file.info.resolved.dysill,update,FALSE
uds,dysillif,file.info.resolved.dysillif,update,FALSE
uds,meds,file.info.resolved.meds,update,FALSE
uds,medsif,file.info.resolved.medsif,update,FALSE
uds,demun,file.info.resolved.demun,update,FALSE
uds,demunif,file.info.resolved.demunif,update,FALSE
uds,cogoth,file.info.resolved.cogoth,update,FALSE
uds,cogothif,file.info.resolved.cogothif,update,FALSE
uds,cogothx,file.info.resolved.cogothx,update,FALSE
uds,cogoth2,file.info.resolved.cogoth2,update,FALSE
uds,cogoth2f,file.info.resolved.cogoth2f,update,FALSE
uds,cogoth2x,file.info.resolved.cogoth2x,update,FALSE
uds,cogoth3,file.info.resolved.cogoth3,update,FALSE
uds,cogoth3f,file.info.resolved.cogoth3f,update,FALSE
uds,cogoth3x,file.info.resolved.cogoth3x,update,FALSE
uds,scd,file.info.forms.resolved.scd,update,FALSE
uds,scddxconf,file.info.forms.resolved.scddxconf,update,FALSE
uds,mcicritcln,file.info.forms.resolved.mcicritcln,update,FALSE
uds,mcicritimp,file.info.forms.resolved.mcicritimp,update,FALSE
uds,mcicritfun,file.info.forms.resolved.mcicritfun,update,FALSE
uds,impnomcifu,file.info.forms.resolved.impnomcifu,update,FALSE
uds,impnomcicg,file.info.forms.resolved.impnomcicg,update,FALSE
uds,impnomclcd,file.info.forms.resolved.impnomclcd,update,FALSE
uds,impnomcio,file.info.forms.resolved.impnomcio,update,FALSE
uds,impnomciox,file.info.forms.resolved.impnomciox,update,FALSE
uds,cdommem,file.info.forms.resolved.cdommem,update,FALSE
uds,cdomlang,file.info.forms.resolved.cdomlang,update,FALSE
uds,cdomattn,file.info.forms.resolved.cdomattn,update,FALSE
uds,cdomexec,file.info.forms.resolved.cdomexec,update,FALSE
uds,cdomvisu,file.info.forms.resolved.cdomvisu,update,FALSE
uds,cdombeh,file.info.forms.resolved.cdombeh,update,FALSE
uds,cdomaprax,file.info.forms.resolved.cdomaprax,update,FALSE
uds,mbi,file.info.forms.resolved.mbi,update,FALSE
uds,predomsyn,file.info.forms.resolved.predomsyn,update,FALSE
uds,dyexecsyn,file.info.forms.resolved.dyexecsyn,update,FALSE
uds,lbdsynt,file.info.forms.resolved.lbdsynt,update,FALSE
uds,pspsyn,file.info.forms.resolved.pspsyn,update,FALSE
uds,pspsynt,file.info.forms.resolved.pspsynt,update,FALSE
uds,ctesyn,file.info.forms.resolved.ctesyn,update,FALSE
uds,cbssyn,file.info.forms.resolved.cbssyn,update,FALSE
uds,msasyn,file.info.forms.resolved.msasyn,update,FALSE
uds,msasynt,file.info.forms.resolved.msasynt,update,FALSE
uds,othsyn,file.info.forms.resolved.othsyn,update,FALSE
uds,othsynx,file.info.forms.resolved.othsynx,update,FALSE
uds,syninfclin,file.info.forms.resolved.syninfclin,update,FALSE
uds,syninfctst,file.info.forms.resolved.syninfctst,update,FALSE
uds,syninfbiom,file.info.forms.resolved.syninfbiom,update,FALSE
uds,majdepdx,file.info.forms.resolved.majdepdx,update,FALSE
uds,majdepdif,file.info.forms.resolved.majdepdif,update,FALSE
uds,othdepdx,file.info.forms.resolved.othdepdx,update,FALSE
uds,othdepdif,file.info.forms.resolved.othdepdif,update,FALSE
uds,genanx,file.info.forms.resolved.genanx,update,FALSE
uds,panicdisdx,file.info.forms.resolved.panicdisdx,update,FALSE
uds,ocddx,file.info.forms.resolved.ocddx,update,FALSE
uds,othanxd,file.info.forms.resolved.othanxd,update,FALSE
uds,othanxdx,file.info.forms.resolved.othanxdx,update,FALSE
uds,ndevdis,file.info.forms.resolved.ndevdis,update,FALSE
uds,ndevdisif,file.info.forms.resolved.ndevdisif,update,FALSE
uds,tbidx,file.info.forms.resolved.tbidx,update,FALSE
uds,tbidxif,file.info.forms.resolved.tbidxif,update,FALSE
uds,postc19,file.info.forms.resolved.postc19,update,FALSE
uds,postc19if,file.info.forms.resolved.postc19if,update,FALSE
uds,apneadx,file.info.forms.resolved.apneadx,update,FALSE
uds,apneadxif,file.info.forms.resolved.apneadxif,update,FALSE
uds,othcogill,file.info.forms.resolved.othcogill,update,FALSE
uds,othcillif,file.info.forms.resolved.othcillif,update,FALSE
uds,othcogillx,file.info.forms.resolved.othcogillx,update,FALSE
uds,cancer,file.info.resolved.cancer,update,FALSE
uds,cancsite,file.info.resolved.cancsite,update,FALSE
uds,diabet,file.info.resolved.diabet,update,FALSE
uds,myoinf,file.info.resolved.myoinf,update,FALSE
uds,conghrt,file.info.resolved.conghrt,update,FALSE
uds,afibrill,file.info.resolved.afibrill,update,FALSE
uds,hypert,file.info.resolved.hypert,update,FALSE
uds,angina,file.info.resolved.angina,update,FALSE
uds,hypchol,file.info.resolved.hypchol,update,FALSE
uds,vb12def,file.info.resolved.vb12def,update,FALSE
uds,thydis,file.info.resolved.thydis,update,FALSE
uds,arth,file.info.resolved.arth,update,FALSE
uds,artype,file.info.resolved.artype,update,FALSE
uds,artypex,file.info.resolved.artypex,update,FALSE
uds,artupex,file.info.resolved.artupex,update,FALSE
uds,artloex,file.info.resolved.artloex,update,FALSE
uds,artspin,file.info.resolved.artspin,update,FALSE
uds,artunkn,file.info.resolved.artunkn,update,FALSE
uds,urineinc,file.info.resolved.urineinc,update,FALSE
uds,bowlinc,file.info.resolved.bowlinc,update,FALSE
uds,sleepap,file.info.resolved.sleepap,update,FALSE
uds,remdis,file.info.resolved.remdis,update,FALSE
uds,hyposom,file.info.resolved.hyposom,update,FALSE
uds,sleepoth,file.info.resolved.sleepoth,update,FALSE
uds,sleepotx,file.info.resolved.sleepotx,update,FALSE
uds,angiocp,file.info.resolved.angiocp,update,FALSE
uds,angiopci,file.info.resolved.angiopci,update,FALSE
uds,pacemake,file.info.resolved.pacemake,update,FALSE
uds,hvalve,file.info.resolved.hvalve,update,FALSE
uds,antienc,file.info.resolved.antienc,update,FALSE
uds,antiencx,file.info.resolved.antiencx,update,FALSE
uds,othcond,file.info.resolved.othcond,update,FALSE
uds,othcondx,file.info.resolved.othcondx,update,FALSE
uds,telcov,file.info.resolved.telcov,update,FALSE
uds,telmod,file.info.resolved.telmod,update,FALSE
uds,adgcgwas,file.info.resolved.adgcgwas,update,FALSE
uds,adgcexom,file.info.resolved.adgcexom,update,FALSE
uds,adgcrnd,file.info.resolved.adgcrnd,update,FALSE
uds,adgcexr,file.info.resolved.adgcexr,update,FALSE
uds,naccnrdy,subject.info.derived.cross-sectional.naccnrdy,update,FALSE
uds,naccnrmo,subject.info.derived.cross-sectional.naccnrmo,update,FALSE
uds,naccnryr,subject.info.derived.cross-sectional.naccnryr,update,FALSE
uds,naccapoe,subject.info.derived.cross-sectional.naccapoe,update,FALSE
uds,naccne4s,subject.info.derived.cross-sectional.naccne4s,update,FALSE
uds,naccncrd,subject.info.derived.cross-sectional.naccncrd,update,FALSE
uds,naccftd,subject.info.derived.cross-sectional.naccftd,max,FALSE
uds,nacclbdm,subject.info.derived.cross-sectional.nacclbdm,max,FALSE
uds,naccacsf,subject.info.derived.cross-sectional.naccacsf,update,FALSE
uds,naccpcsf,subject.info.derived.cross-sectional.naccpcsf,update,FALSE
uds,nacctcsf,subject.info.derived.cross-sectional.nacctcsf,update,FALSE
uds,ngdsgwas,subject.info.derived.cross-sectional.ngdsgwas,update,FALSE
uds,ngdsexom,subject.info.derived.cross-sectional.ngdsexom,update,FALSE
uds,ngdswgs,subject.info.derived.cross-sectional.ngdswgs,update,FALSE
uds,ngdswes,subject.info.derived.cross-sectional.ngdswes,update,FALSE
uds,ngdsgwac,subject.info.derived.cross-sectional.ngdsgwac,update,FALSE
uds,ngdsexac,subject.info.derived.cross-sectional.ngdsexac,update,FALSE
uds,ngdswgac,subject.info.derived.cross-sectional.ngdswgac,update,FALSE
uds,ngdsweac,subject.info.derived.cross-sectional.ngdsweac,update,FALSE
uds,npformver,subject.info.derived.cross-sectional.npformver,update,FALSE
